{"nombre":"Julieta","apellido":"Taras","e-mail":"julibtaras@gmail.com","re-mail":"julibtaras@gmail.com","password":"$2y$10$OYTnDDL0zkgK71LBZIvH5uL4Qj3\/TDgAVosOzzdYCI6NYR7K3aPSC","genero":"femenino"}
{"nombre":"juli","apellido":"t","e-mail":"juli@gmail.com","re-mail":"juli@gmail.com","password":"$2y$10$ulzVJ6VqbWAiaUYxEvDSzuQmImw7uXRfBiCyS\/pkz7hX9nT0939O2","genero":"femenino"}
{"nombre":"lucho","apellido":"b","e-mail":"luchito@gmail.com","re-mail":"luchito@gmail.com","password":"$2y$10$ImNz5iKScHZlISI1dYtGiu24Ibw46Gqf7nKYnmIukOyYQ3vM1XDvy","genero":"masculino"}
